time	stored_expires_in_min	run_rc	reply_ok	refreshed_in_run	rotated	stored_changed
22:28	479	0	1	0	0	0
22:43	464	0	1	0	0	0
22:58	449	0	1	0	0	0
23:13	434	0	1	0	0	0
23:29	419	0	1	0	0	0
23:44	403	0	1	0	0	0
23:59	388	0	1	0	0	0
00:14	373	0	1	0	0	0
00:29	358	0	1	0	0	0
00:44	343	0	1	0	0	0
00:59	328	0	1	0	0	0
01:14	313	0	1	0	0	0
01:29	298	0	1	0	0	0
01:44	283	0	1	0	0	0
01:59	268	0	1	0	0	0
02:14	253	0	1	0	0	0
02:29	238	0	1	0	0	0
02:44	223	0	1	0	0	0
02:59	208	0	1	0	0	0
03:15	193	0	1	0	0	0
03:30	177	0	1	0	0	0
03:45	162	0	1	0	0	0
04:00	147	0	1	0	0	0
04:15	132	0	1	0	0	0
04:30	117	0	1	0	0	0
04:45	102	0	1	0	0	0
05:00	87	0	1	0	0	0
05:15	72	0	1	0	0	0
05:30	57	0	1	0	0	0
05:45	42	0	1	0	0	0
06:00	27	0	1	0	0	0
06:15	12	1	0	0	0	0
06:30	-3	1	0	1	1	0
06:45	-18	1	0	1	1	0
