id	result	detail
A.deps	LOST	earlier sentinels missing (see raw.log)
A.agent	LOST	earlier sentinels missing (see raw.log)
A.capture	LOST	earlier sentinels missing (see raw.log)
A.verify	LOST	earlier sentinels missing (see raw.log)
A2.deps	LOST	earlier sentinels missing (see raw.log)
A2.agent	LOST	earlier sentinels missing (see raw.log)
A2.capture	LOST	earlier sentinels missing (see raw.log)
A2.verify	LOST	earlier sentinels missing (see raw.log)
B.deps	PASS	sentinels from [seed] present in all volumes
B.agent	PASS	sentinels from [seed deps] present in all volumes
B.capture	PASS	sentinels from [seed deps agent] present in all volumes
B.verify	PASS	sentinels from [seed deps agent capture] present in all volumes
KEEPER.decision	OBSERVED	contents lost without a keeper (A=lost A2=lost) but kept with one → keeper Ⓚ required (design row 2)
C.no_workload_running	PASS	killed stage confirmed stopped
C.after_kill	PASS	seed sentinels intact after a killed stage
C.partial_write	OBSERVED	killed stage's partial write remains in the workspace (capture will see it)
D.keeper_after_restart	OBSERVED	keeper state after restart: exited (live_restore=false)
D.contents_after_restart	OBSERVED	seed sentinels lost across daemon restart
D.detectable	PASS	restart is detectable (keeper not running and/or sentinels missing) → run must end infra_error
E.size_cap	PASS	64 MiB write into a 32 MiB volume failed with ENOSPC
E.inode_cap	PASS	file creation stopped at the inode cap (sh: can't create /v/deps/f499: No space left on device)
F.writer_cgroup	OBSERVED	writer memory.current while holding 96 MiB in tmpfs: 102064128 bytes
F.keeper_cgroup	OBSERVED	keeper memory.current before/after: 1372160 / 634880 bytes
F.host_memavail	OBSERVED	host MemAvailable before/after (writer exited, data retained): 15305256 / 15303516 KiB
F.limit_bounds_tmpfs	OBSERVED	96 MiB tmpfs write under --memory 48m: OOMKilled=true exit=0; dd_exit=137
G.footprint	OBSERVED	two runs × 7 volumes × 57 MiB: MemAvailable dropped 870 MiB (data written 798 MiB)
G.admission	NOT_TESTABLE	QB admission (§8.1) is not implemented yet; G.footprint is the input it will use
